community,size
22,39411
20,16742
23,10508
523,10234
2,9703
9,8206
32,3481
1,1583
51,1555
3,1292
128,1240
61,1117
21,1013
98,956
142,831
105,702
48,697
536,660
199,633
33,608
24,502
140,476
4,475
69,453
25,443
37,435
68,409
31,368
82,351
234,350
29,315
52,305
34,298
145,293
600,245
114,225
986,225
43,209
59,206
5,205
161,202
163,186
193,179
206,172
79,153
49,152
144,152
264,152
117,147
646,142
12,139
62,120
8,118
647,113
0,109
1101,99
121,97
39,93
50,92
222,91
15,87
321,86
602,85
65,84
152,84
46,80
262,80
430,80
349,79
426,79
215,78
78,72
91,72
611,66
460,65
73,63
6,62
14,60
452,60
466,59
26,58
352,55
582,54
160,50
30,48
1186,48
1447,48
404,47
615,47
81,46
188,46
10,44
1251,44
171,41
273,41
294,41
83,40
44,39
1202,39
27,38
214,36
461,36
554,36
670,36
1195,36
179,35
92,34
120,34
122,34
118,33
409,33
773,33
877,32
300,31
330,31
64,30
354,29
418,29
165,28
240,28
443,28
16,27
103,27
406,27
1082,27
77,26
112,26
204,26
289,26
561,26
819,25
825,25
134,24
47,23
346,23
441,23
250,22
290,22
391,22
666,22
1244,22
227,21
243,21
413,21
650,21
663,21
694,21
828,21
90,20
106,20
154,20
248,20
556,20
1475,20
148,19
236,19
278,19
377,19
644,19
727,19
888,19
1524,19
36,18
414,18
486,18
1539,18
109,17
119,17
288,17
428,17
695,17
1407,17
1865,17
38,16
297,16
313,16
963,16
1303,16
228,15
282,15
296,15
387,15
444,15
482,15
484,15
575,15
673,15
1138,15
1393,15
56,14
107,14
229,14
751,14
873,14
999,14
1292,14
1540,14
66,13
108,13
149,13
159,13
327,13
411,13
661,13
715,13
784,13
859,13
1028,13
1198,13
1259,13
45,12
88,12
167,12
182,12
347,12
382,12
394,12
521,12
592,12
913,12
959,12
7,11
40,11
74,11
116,11
184,11
293,11
322,11
368,11
396,11
416,11
419,11
533,11
595,11
596,11
636,11
703,11
707,11
743,11
800,11
1018,11
1304,11
1315,11
1359,11
1510,11
42,10
113,10
164,10
170,10
195,10
202,10
208,10
263,10
292,10
301,10
324,10
342,10
402,10
550,10
567,10
621,10
641,10
1045,10
1070,10
1199,10
1355,10
1386,10
1409,10
1783,10
123,9
146,9
150,9
187,9
190,9
249,9
268,9
357,9
359,9
378,9
531,9
597,9
829,9
938,9
1172,9
1204,9
1285,9
1318,9
1446,9
1450,9
1460,9
1579,9
2002,9
2161,9
2234,9
2324,9
2339,9
2520,9
2936,9
3055,9
18,8
155,8
205,8
256,8
258,8
308,8
311,8
348,8
369,8
383,8
405,8
432,8
436,8
481,8
493,8
501,8
507,8
509,8
520,8
738,8
812,8
884,8
886,8
928,8
933,8
968,8
993,8
1215,8
1353,8
1372,8
1411,8
1459,8
1556,8
1559,8
1567,8
1597,8
2630,8
11,7
102,7
172,7
239,7
304,7
309,7
379,7
380,7
435,7
445,7
462,7
488,7
490,7
557,7
580,7
631,7
649,7
696,7
710,7
750,7
827,7
909,7
992,7
1103,7
1157,7
1196,7
1293,7
1340,7
1371,7
1392,7
1486,7
1670,7
1736,7
1809,7
1846,7
1965,7
1983,7
2006,7
2030,7
2074,7
28,6
71,6
80,6
125,6
131,6
168,6
196,6
218,6
231,6
247,6
253,6
259,6
283,6
360,6
386,6
392,6
397,6
439,6
459,6
514,6
525,6
539,6
547,6
549,6
563,6
565,6
598,6
613,6
637,6
683,6
711,6
730,6
737,6
786,6
805,6
834,6
869,6
872,6
911,6
915,6
954,6
1012,6
1017,6
1019,6
1060,6
1069,6
1184,6
1352,6
1578,6
1582,6
1829,6
1837,6
1911,6
1912,6
1937,6
1963,6
1968,6
2045,6
2062,6
2094,6
2152,6
2188,6
2194,6
2226,6
2251,6
2253,6
2296,6
2451,6
2573,6
2627,6
13,5
86,5
89,5
97,5
133,5
141,5
143,5
162,5
169,5
185,5
198,5
200,5
211,5
219,5
220,5
233,5
238,5
252,5
271,5
286,5
295,5
302,5
343,5
350,5
356,5
372,5
388,5
415,5
429,5
431,5
446,5
453,5
487,5
495,5
529,5
559,5
622,5
642,5
653,5
674,5
681,5
702,5
722,5
744,5
771,5
774,5
799,5
836,5
856,5
904,5
924,5
925,5
937,5
979,5
1009,5
1025,5
1027,5
1038,5
1040,5
1043,5
1050,5
1089,5
1133,5
1142,5
1144,5
1169,5
1188,5
1220,5
1221,5
1235,5
1242,5
1260,5
1301,5
1310,5
1328,5
1362,5
1391,5
1398,5
1414,5
1415,5
1425,5
1431,5
1438,5
1457,5
1461,5
1473,5
1499,5
1505,5
1519,5
1545,5
1555,5
1557,5
1561,5
1605,5
1644,5
1652,5
1663,5
1669,5
1704,5
1776,5
1841,5
1857,5
1893,5
1947,5
1967,5
1972,5
1980,5
2317,5
2367,5
2448,5
2490,5
2505,5
2591,5
2600,5
2605,5
2625,5
2642,5
2643,5
2693,5
2736,5
2738,5
67,4
70,4
100,4
101,4
110,4
124,4
126,4
156,4
175,4
178,4
189,4
203,4
207,4
223,4
242,4
246,4
251,4
254,4
270,4
274,4
275,4
279,4
307,4
314,4
315,4
341,4
363,4
364,4
381,4
423,4
437,4
456,4
478,4
489,4
491,4
496,4
497,4
511,4
538,4
541,4
544,4
558,4
603,4
607,4
610,4
617,4
625,4
627,4
632,4
634,4
654,4
665,4
667,4
668,4
680,4
690,4
692,4
701,4
714,4
721,4
745,4
755,4
758,4
770,4
772,4
775,4
778,4
787,4
788,4
814,4
832,4
848,4
875,4
906,4
922,4
923,4
936,4
947,4
949,4
983,4
989,4
990,4
1032,4
1035,4
1037,4
1039,4
1051,4
1075,4
1094,4
1105,4
1113,4
1129,4
1162,4
1165,4
1178,4
1185,4
1225,4
1236,4
1241,4
1250,4
1254,4
1274,4
1294,4
1309,4
1329,4
1336,4
1338,4
1349,4
1363,4
1375,4
1376,4
1378,4
1383,4
1388,4
1389,4
1390,4
1396,4
1400,4
1458,4
1471,4
1472,4
1498,4
1501,4
1503,4
1517,4
1553,4
1566,4
1576,4
1589,4
1600,4
1619,4
1631,4
1649,4
1673,4
1677,4
1683,4
1706,4
1713,4
1728,4
1730,4
1732,4
1743,4
1757,4
1766,4
1769,4
1772,4
1785,4
1786,4
1794,4
1798,4
1821,4
1863,4
1867,4
1885,4
1894,4
1902,4
1908,4
1917,4
1922,4
1939,4
1943,4
1946,4
1948,4
1975,4
1984,4
1998,4
2001,4
2029,4
2071,4
2079,4
2103,4
2110,4
2112,4
2144,4
2159,4
2160,4
2164,4
2170,4
2173,4
2174,4
2198,4
2211,4
2220,4
2243,4
2284,4
2303,4
2314,4
2328,4
2337,4
2352,4
2360,4
2368,4
2409,4
2416,4
2431,4
2438,4
2455,4
2465,4
2477,4
2561,4
2585,4
2590,4
2598,4
2655,4
2688,4
2716,4
2763,4
2766,4
2774,4
2803,4
2817,4
2833,4
2923,4
2950,4
2951,4
3086,4
3112,4
3137,4
3185,4
3222,4
3290,4
3291,4
3325,4
3342,4
3981,4
19,3
75,3
85,3
95,3
99,3
104,3
111,3
115,3
127,3
129,3
132,3
136,3
147,3
166,3
173,3
180,3
183,3
186,3
192,3
209,3
212,3
216,3
226,3
241,3
244,3
245,3
261,3
265,3
267,3
272,3
277,3
281,3
303,3
317,3
319,3
329,3
332,3
334,3
340,3
353,3
355,3
362,3
367,3
373,3
375,3
376,3
389,3
395,3
400,3
412,3
417,3
420,3
422,3
425,3
427,3
434,3
450,3
454,3
458,3
464,3
465,3
468,3
470,3
472,3
473,3
474,3
475,3
476,3
494,3
500,3
504,3
506,3
515,3
519,3
526,3
527,3
535,3
537,3
543,3
546,3
569,3
571,3
573,3
577,3
588,3
605,3
609,3
612,3
623,3
629,3
630,3
645,3
648,3
655,3
657,3
678,3
684,3
686,3
688,3
689,3
693,3
697,3
704,3
724,3
725,3
729,3
732,3
735,3
740,3
741,3
759,3
762,3
764,3
766,3
777,3
779,3
782,3
789,3
790,3
794,3
795,3
803,3
808,3
811,3
816,3
817,3
824,3
830,3
833,3
837,3
841,3
843,3
850,3
854,3
855,3
858,3
860,3
862,3
866,3
867,3
879,3
890,3
902,3
910,3
921,3
926,3
931,3
932,3
941,3
943,3
944,3
952,3
961,3
964,3
977,3
978,3
981,3
984,3
988,3
997,3
1001,3
1029,3
1034,3
1041,3
1044,3
1079,3
1085,3
1086,3
1087,3
1095,3
1097,3
1122,3
1123,3
1132,3
1134,3
1154,3
1155,3
1163,3
1170,3
1171,3
1180,3
1182,3
1201,3
1205,3
1209,3
1214,3
1216,3
1219,3
1224,3
1231,3
1232,3
1233,3
1249,3
1252,3
1255,3
1256,3
1266,3
1268,3
1272,3
1278,3
1290,3
1291,3
1295,3
1297,3
1302,3
1305,3
1306,3
1312,3
1313,3
1314,3
1320,3
1322,3
1337,3
1341,3
1344,3
1345,3
1346,3
1348,3
1361,3
1367,3
1369,3
1373,3
1374,3
1394,3
1395,3
1399,3
1406,3
1410,3
1418,3
1419,3
1423,3
1436,3
1445,3
1449,3
1452,3
1464,3
1469,3
1478,3
1482,3
1514,3
1520,3
1527,3
1544,3
1552,3
1554,3
1565,3
1581,3
1592,3
1603,3
1610,3
1621,3
1625,3
1628,3
1639,3
1643,3
1660,3
1672,3
1674,3
1676,3
1678,3
1686,3
1694,3
1701,3
1702,3
1707,3
1708,3
1709,3
1714,3
1717,3
1729,3
1738,3
1740,3
1762,3
1764,3
1765,3
1775,3
1778,3
1793,3
1795,3
1797,3
1800,3
1801,3
1804,3
1805,3
1810,3
1817,3
1828,3
1842,3
1843,3
1860,3
1868,3
1870,3
1873,3
1881,3
1887,3
1888,3
1896,3
1901,3
1904,3
1905,3
1906,3
1909,3
1910,3
1921,3
1925,3
1929,3
1950,3
1952,3
1953,3
1961,3
1964,3
1979,3
1994,3
2003,3
2016,3
2024,3
2026,3
2031,3
2037,3
2056,3
2077,3
2078,3
2080,3
2082,3
2087,3
2088,3
2120,3
2134,3
2135,3
2138,3
2146,3
2147,3
2156,3
2177,3
2178,3
2181,3
2182,3
2189,3
2193,3
2206,3
2208,3
2210,3
2213,3
2239,3
2240,3
2256,3
2272,3
2304,3
2305,3
2307,3
2312,3
2313,3
2330,3
2331,3
2336,3
2340,3
2341,3
2342,3
2355,3
2356,3
2370,3
2373,3
2376,3
2385,3
2387,3
2388,3
2389,3
2393,3
2397,3
2405,3
2406,3
2414,3
2423,3
2430,3
2434,3
2467,3
2470,3
2471,3
2478,3
2479,3
2481,3
2498,3
2500,3
2503,3
2506,3
2507,3
2511,3
2512,3
2516,3
2528,3
2538,3
2541,3
2544,3
2547,3
2551,3
2554,3
2557,3
2565,3
2571,3
2572,3
2583,3
2593,3
2602,3
2613,3
2623,3
2663,3
2680,3
2682,3
2685,3
2694,3
2699,3
2702,3
2704,3
2711,3
2713,3
2730,3
2733,3
2741,3
2761,3
2767,3
2769,3
2773,3
2790,3
2791,3
2800,3
2810,3
2813,3
2816,3
2820,3
2821,3
2824,3
2826,3
2830,3
2835,3
2836,3
2845,3
2847,3
2857,3
2875,3
2885,3
2886,3
2890,3
2894,3
2904,3
2912,3
2927,3
2935,3
2947,3
2956,3
2957,3
2962,3
2966,3
2973,3
2976,3
3005,3
3006,3
3007,3
3015,3
3042,3
3088,3
3089,3
3101,3
3102,3
3125,3
3128,3
3130,3
3131,3
3132,3
3146,3
3163,3
3184,3
3186,3
3187,3
3204,3
3225,3
3240,3
3264,3
3265,3
3268,3
3270,3
3298,3
3312,3
3357,3
3360,3
3370,3
3383,3
3419,3
3427,3
3430,3
3441,3
3446,3
3448,3
3449,3
3465,3
3481,3
3485,3
3497,3
3498,3
3505,3
3506,3
3516,3
3518,3
3524,3
3530,3
3556,3
3566,3
3567,3
3570,3
3581,3
3584,3
3615,3
3621,3
3630,3
3654,3
3659,3
3668,3
3682,3
3692,3
3698,3
3732,3
3746,3
3786,3
3857,3
3903,3
3909,3
3929,3
3961,3
17,2
35,2
41,2
53,2
54,2
55,2
57,2
58,2
60,2
63,2
72,2
76,2
84,2
87,2
93,2
94,2
96,2
130,2
135,2
137,2
138,2
139,2
151,2
153,2
157,2
158,2
174,2
176,2
177,2
181,2
191,2
194,2
197,2
201,2
210,2
213,2
217,2
221,2
224,2
225,2
230,2
232,2
235,2
237,2
255,2
257,2
260,2
266,2
269,2
276,2
280,2
284,2
285,2
287,2
291,2
298,2
299,2
305,2
306,2
310,2
312,2
316,2
318,2
320,2
323,2
325,2
326,2
328,2
331,2
333,2
335,2
336,2
337,2
338,2
339,2
344,2
345,2
351,2
358,2
361,2
365,2
366,2
370,2
371,2
374,2
384,2
385,2
390,2
393,2
398,2
399,2
401,2
403,2
407,2
408,2
410,2
421,2
424,2
433,2
438,2
440,2
442,2
447,2
448,2
449,2
451,2
455,2
457,2
463,2
467,2
469,2
471,2
477,2
479,2
480,2
483,2
485,2
492,2
498,2
499,2
502,2
503,2
505,2
508,2
510,2
512,2
513,2
516,2
517,2
518,2
522,2
524,2
528,2
530,2
532,2
534,2
540,2
542,2
545,2
548,2
551,2
552,2
553,2
555,2
560,2
562,2
564,2
566,2
568,2
570,2
572,2
574,2
576,2
578,2
579,2
581,2
583,2
584,2
585,2
586,2
587,2
589,2
590,2
591,2
593,2
594,2
599,2
601,2
604,2
606,2
608,2
614,2
616,2
618,2
619,2
620,2
624,2
626,2
628,2
633,2
635,2
638,2
639,2
640,2
643,2
651,2
652,2
656,2
658,2
659,2
660,2
662,2
664,2
669,2
671,2
672,2
675,2
676,2
677,2
679,2
682,2
685,2
687,2
691,2
698,2
699,2
700,2
705,2
706,2
708,2
709,2
712,2
713,2
716,2
717,2
718,2
719,2
720,2
723,2
726,2
728,2
731,2
733,2
734,2
736,2
739,2
742,2
746,2
747,2
748,2
749,2
752,2
753,2
754,2
756,2
757,2
760,2
761,2
763,2
765,2
767,2
768,2
769,2
776,2
780,2
781,2
783,2
785,2
791,2
792,2
793,2
796,2
797,2
798,2
801,2
802,2
804,2
806,2
807,2
809,2
810,2
813,2
815,2
818,2
820,2
821,2
822,2
823,2
826,2
831,2
835,2
838,2
839,2
840,2
842,2
844,2
845,2
846,2
847,2
849,2
851,2
852,2
853,2
857,2
861,2
863,2
864,2
865,2
868,2
870,2
871,2
874,2
876,2
878,2
880,2
881,2
882,2
883,2
885,2
887,2
889,2
891,2
892,2
893,2
894,2
895,2
896,2
897,2
898,2
899,2
900,2
901,2
903,2
905,2
907,2
908,2
912,2
914,2
916,2
917,2
918,2
919,2
920,2
927,2
929,2
930,2
934,2
935,2
939,2
940,2
942,2
945,2
946,2
948,2
950,2
951,2
953,2
955,2
956,2
957,2
958,2
960,2
962,2
965,2
966,2
967,2
969,2
970,2
971,2
972,2
973,2
974,2
975,2
976,2
980,2
982,2
985,2
987,2
991,2
994,2
995,2
996,2
998,2
1000,2
1002,2
1003,2
1004,2
1005,2
1006,2
1007,2
1008,2
1010,2
1011,2
1013,2
1014,2
1015,2
1016,2
1020,2
1021,2
1022,2
1023,2
1024,2
1026,2
1030,2
1031,2
1033,2
1036,2
1042,2
1046,2
1047,2
1048,2
1049,2
1052,2
1053,2
1054,2
1055,2
1056,2
1057,2
1058,2
1059,2
1061,2
1062,2
1063,2
1064,2
1065,2
1066,2
1067,2
1068,2
1071,2
1072,2
1073,2
1074,2
1076,2
1077,2
1078,2
1080,2
1081,2
1083,2
1084,2
1088,2
1090,2
1091,2
1092,2
1093,2
1096,2
1098,2
1099,2
1100,2
1102,2
1104,2
1106,2
1107,2
1108,2
1109,2
1110,2
1111,2
1112,2
1114,2
1115,2
1116,2
1117,2
1118,2
1119,2
1120,2
1121,2
1124,2
1125,2
1126,2
1127,2
1128,2
1130,2
1131,2
1135,2
1136,2
1137,2
1139,2
1140,2
1141,2
1143,2
1145,2
1146,2
1147,2
1148,2
1149,2
1150,2
1151,2
1152,2
1153,2
1156,2
1158,2
1159,2
1160,2
1161,2
1164,2
1166,2
1167,2
1168,2
1173,2
1174,2
1175,2
1176,2
1177,2
1179,2
1181,2
1183,2
1187,2
1189,2
1190,2
1191,2
1192,2
1193,2
1194,2
1197,2
1200,2
1203,2
1206,2
1207,2
1208,2
1210,2
1211,2
1212,2
1213,2
1217,2
1218,2
1222,2
1223,2
1226,2
1227,2
1228,2
1229,2
1230,2
1234,2
1237,2
1238,2
1239,2
1240,2
1243,2
1245,2
1246,2
1247,2
1248,2
1253,2
1257,2
1258,2
1261,2
1262,2
1263,2
1264,2
1265,2
1267,2
1269,2
1270,2
1271,2
1273,2
1275,2
1276,2
1277,2
1279,2
1280,2
1281,2
1282,2
1283,2
1284,2
1286,2
1287,2
1288,2
1289,2
1296,2
1298,2
1299,2
1300,2
1307,2
1308,2
1311,2
1316,2
1317,2
1319,2
1321,2
1323,2
1324,2
1325,2
1326,2
1327,2
1330,2
1331,2
1332,2
1333,2
1334,2
1335,2
1339,2
1342,2
1343,2
1347,2
1350,2
1351,2
1354,2
1356,2
1357,2
1358,2
1360,2
1364,2
1365,2
1366,2
1368,2
1370,2
1377,2
1379,2
1380,2
1381,2
1382,2
1384,2
1385,2
1387,2
1397,2
1401,2
1402,2
1403,2
1404,2
1405,2
1408,2
1412,2
1413,2
1416,2
1417,2
1420,2
1421,2
1422,2
1424,2
1426,2
1427,2
1428,2
1429,2
1430,2
1432,2
1433,2
1434,2
1435,2
1437,2
1439,2
1440,2
1441,2
1442,2
1443,2
1444,2
1448,2
1451,2
1453,2
1454,2
1455,2
1456,2
1462,2
1463,2
1465,2
1466,2
1467,2
1468,2
1470,2
1474,2
1476,2
1477,2
1479,2
1480,2
1481,2
1483,2
1484,2
1485,2
1487,2
1488,2
1489,2
1490,2
1491,2
1492,2
1493,2
1494,2
1495,2
1496,2
1497,2
1500,2
1502,2
1504,2
1506,2
1507,2
1508,2
1509,2
1511,2
1512,2
1513,2
1515,2
1516,2
1518,2
1521,2
1522,2
1523,2
1525,2
1526,2
1528,2
1529,2
1530,2
1531,2
1532,2
1533,2
1534,2
1535,2
1536,2
1537,2
1538,2
1541,2
1542,2
1543,2
1546,2
1547,2
1548,2
1549,2
1550,2
1551,2
1558,2
1560,2
1562,2
1563,2
1564,2
1568,2
1569,2
1570,2
1571,2
1572,2
1573,2
1574,2
1575,2
1577,2
1580,2
1583,2
1584,2
1585,2
1586,2
1587,2
1588,2
1590,2
1591,2
1593,2
1594,2
1595,2
1596,2
1598,2
1599,2
1601,2
1602,2
1604,2
1606,2
1607,2
1608,2
1609,2
1611,2
1612,2
1613,2
1614,2
1615,2
1616,2
1617,2
1618,2
1620,2
1622,2
1623,2
1624,2
1626,2
1627,2
1629,2
1630,2
1632,2
1633,2
1634,2
1635,2
1636,2
1637,2
1638,2
1640,2
1641,2
1642,2
1645,2
1646,2
1647,2
1648,2
1650,2
1651,2
1653,2
1654,2
1655,2
1656,2
1657,2
1658,2
1659,2
1661,2
1662,2
1664,2
1665,2
1666,2
1667,2
1668,2
1671,2
1675,2
1679,2
1680,2
1681,2
1682,2
1684,2
1685,2
1687,2
1688,2
1689,2
1690,2
1691,2
1692,2
1693,2
1695,2
1696,2
1697,2
1698,2
1699,2
1700,2
1703,2
1705,2
1710,2
1711,2
1712,2
1715,2
1716,2
1718,2
1719,2
1720,2
1721,2
1722,2
1723,2
1724,2
1725,2
1726,2
1727,2
1731,2
1733,2
1734,2
1735,2
1737,2
1739,2
1741,2
1742,2
1744,2
1745,2
1746,2
1747,2
1748,2
1749,2
1750,2
1751,2
1752,2
1753,2
1754,2
1755,2
1756,2
1758,2
1759,2
1760,2
1761,2
1763,2
1767,2
1768,2
1770,2
1771,2
1773,2
1774,2
1777,2
1779,2
1780,2
1781,2
1782,2
1784,2
1787,2
1788,2
1789,2
1790,2
1791,2
1792,2
1796,2
1799,2
1802,2
1803,2
1806,2
1807,2
1808,2
1811,2
1812,2
1813,2
1814,2
1815,2
1816,2
1818,2
1819,2
1820,2
1822,2
1823,2
1824,2
1825,2
1826,2
1827,2
1830,2
1831,2
1832,2
1833,2
1834,2
1835,2
1836,2
1838,2
1839,2
1840,2
1844,2
1845,2
1847,2
1848,2
1849,2
1850,2
1851,2
1852,2
1853,2
1854,2
1855,2
1856,2
1858,2
1859,2
1861,2
1862,2
1864,2
1866,2
1869,2
1871,2
1872,2
1874,2
1875,2
1876,2
1877,2
1878,2
1879,2
1880,2
1882,2
1883,2
1884,2
1886,2
1889,2
1890,2
1891,2
1892,2
1895,2
1897,2
1898,2
1899,2
1900,2
1903,2
1907,2
1913,2
1914,2
1915,2
1916,2
1918,2
1919,2
1920,2
1923,2
1924,2
1926,2
1927,2
1928,2
1930,2
1931,2
1932,2
1933,2
1934,2
1935,2
1936,2
1938,2
1940,2
1941,2
1942,2
1944,2
1945,2
1949,2
1951,2
1954,2
1955,2
1956,2
1957,2
1958,2
1959,2
1960,2
1962,2
1966,2
1969,2
1970,2
1971,2
1973,2
1974,2
1976,2
1977,2
1978,2
1981,2
1982,2
1985,2
1986,2
1987,2
1988,2
1989,2
1990,2
1991,2
1992,2
1993,2
1995,2
1996,2
1997,2
1999,2
2000,2
2004,2
2005,2
2007,2
2008,2
2009,2
2010,2
2011,2
2012,2
2013,2
2014,2
2015,2
2017,2
2018,2
2019,2
2020,2
2021,2
2022,2
2023,2
2025,2
2027,2
2028,2
2032,2
2033,2
2034,2
2035,2
2036,2
2038,2
2039,2
2040,2
2041,2
2042,2
2043,2
2044,2
2046,2
2047,2
2048,2
2049,2
2050,2
2051,2
2052,2
2053,2
2054,2
2055,2
2057,2
2058,2
2059,2
2060,2
2061,2
2063,2
2064,2
2065,2
2066,2
2067,2
2068,2
2069,2
2070,2
2072,2
2073,2
2075,2
2076,2
2081,2
2083,2
2084,2
2085,2
2086,2
2089,2
2090,2
2091,2
2092,2
2093,2
2095,2
2096,2
2097,2
2098,2
2099,2
2100,2
2101,2
2102,2
2104,2
2105,2
2106,2
2107,2
2108,2
2109,2
2111,2
2113,2
2114,2
2115,2
2116,2
2117,2
2118,2
2119,2
2121,2
2122,2
2123,2
2124,2
2125,2
2126,2
2127,2
2128,2
2129,2
2130,2
2131,2
2132,2
2133,2
2136,2
2137,2
2139,2
2140,2
2141,2
2142,2
2143,2
2145,2
2148,2
2149,2
2150,2
2151,2
2153,2
2154,2
2155,2
2157,2
2158,2
2162,2
2163,2
2165,2
2166,2
2167,2
2168,2
2169,2
2171,2
2172,2
2175,2
2176,2
2179,2
2180,2
2183,2
2184,2
2185,2
2186,2
2187,2
2190,2
2191,2
2192,2
2195,2
2196,2
2197,2
2199,2
2200,2
2201,2
2202,2
2203,2
2204,2
2205,2
2207,2
2209,2
2212,2
2214,2
2215,2
2216,2
2217,2
2218,2
2219,2
2221,2
2222,2
2223,2
2224,2
2225,2
2227,2
2228,2
2229,2
2230,2
2231,2
2232,2
2233,2
2235,2
2236,2
2237,2
2238,2
2241,2
2242,2
2244,2
2245,2
2246,2
2247,2
2248,2
2249,2
2250,2
2252,2
2254,2
2255,2
2257,2
2258,2
2259,2
2260,2
2261,2
2262,2
2263,2
2264,2
2265,2
2266,2
2267,2
2268,2
2269,2
2270,2
2271,2
2273,2
2274,2
2275,2
2276,2
2277,2
2278,2
2279,2
2280,2
2281,2
2282,2
2283,2
2285,2
2286,2
2287,2
2288,2
2289,2
2290,2
2291,2
2292,2
2293,2
2294,2
2295,2
2297,2
2298,2
2299,2
2300,2
2301,2
2302,2
2306,2
2308,2
2309,2
2310,2
2311,2
2315,2
2316,2
2318,2
2319,2
2320,2
2321,2
2322,2
2323,2
2325,2
2326,2
2327,2
2329,2
2332,2
2333,2
2334,2
2335,2
2338,2
2343,2
2344,2
2345,2
2346,2
2347,2
2348,2
2349,2
2350,2
2351,2
2353,2
2354,2
2357,2
2358,2
2359,2
2361,2
2362,2
2363,2
2364,2
2365,2
2366,2
2369,2
2371,2
2372,2
2374,2
2375,2
2377,2
2378,2
2379,2
2380,2
2381,2
2382,2
2383,2
2384,2
2386,2
2390,2
2391,2
2392,2
2394,2
2395,2
2396,2
2398,2
2399,2
2400,2
2401,2
2402,2
2403,2
2404,2
2407,2
2408,2
2410,2
2411,2
2412,2
2413,2
2415,2
2417,2
2418,2
2419,2
2420,2
2421,2
2422,2
2424,2
2425,2
2426,2
2427,2
2428,2
2429,2
2432,2
2433,2
2435,2
2436,2
2437,2
2439,2
2440,2
2441,2
2442,2
2443,2
2444,2
2445,2
2446,2
2447,2
2449,2
2450,2
2452,2
2453,2
2454,2
2456,2
2457,2
2458,2
2459,2
2460,2
2461,2
2462,2
2463,2
2464,2
2466,2
2468,2
2469,2
2472,2
2473,2
2474,2
2475,2
2476,2
2480,2
2482,2
2483,2
2484,2
2485,2
2486,2
2487,2
2488,2
2489,2
2491,2
2492,2
2493,2
2494,2
2495,2
2496,2
2497,2
2499,2
2501,2
2502,2
2504,2
2508,2
2509,2
2510,2
2513,2
2514,2
2515,2
2517,2
2518,2
2519,2
2521,2
2522,2
2523,2
2524,2
2525,2
2526,2
2527,2
2529,2
2530,2
2531,2
2532,2
2533,2
2534,2
2535,2
2536,2
2537,2
2539,2
2540,2
2542,2
2543,2
2545,2
2546,2
2548,2
2549,2
2550,2
2552,2
2553,2
2555,2
2556,2
2558,2
2559,2
2560,2
2562,2
2563,2
2564,2
2566,2
2567,2
2568,2
2569,2
2570,2
2574,2
2575,2
2576,2
2577,2
2578,2
2579,2
2580,2
2581,2
2582,2
2584,2
2586,2
2587,2
2588,2
2589,2
2592,2
2594,2
2595,2
2596,2
2597,2
2599,2
2601,2
2603,2
2604,2
2606,2
2607,2
2608,2
2609,2
2610,2
2611,2
2612,2
2614,2
2615,2
2616,2
2617,2
2618,2
2619,2
2620,2
2621,2
2622,2
2624,2
2626,2
2628,2
2629,2
2631,2
2632,2
2633,2
2634,2
2635,2
2636,2
2637,2
2638,2
2639,2
2640,2
2641,2
2644,2
2645,2
2646,2
2647,2
2648,2
2649,2
2650,2
2651,2
2652,2
2653,2
2654,2
2656,2
2657,2
2658,2
2659,2
2660,2
2661,2
2662,2
2664,2
2665,2
2666,2
2667,2
2668,2
2669,2
2670,2
2671,2
2672,2
2673,2
2674,2
2675,2
2676,2
2677,2
2678,2
2679,2
2681,2
2683,2
2684,2
2686,2
2687,2
2689,2
2690,2
2691,2
2692,2
2695,2
2696,2
2697,2
2698,2
2700,2
2701,2
2703,2
2705,2
2706,2
2707,2
2708,2
2709,2
2710,2
2712,2
2714,2
2715,2
2717,2
2718,2
2719,2
2720,2
2721,2
2722,2
2723,2
2724,2
2725,2
2726,2
2727,2
2728,2
2729,2
2731,2
2732,2
2734,2
2735,2
2737,2
2739,2
2740,2
2742,2
2743,2
2744,2
2745,2
2746,2
2747,2
2748,2
2749,2
2750,2
2751,2
2752,2
2753,2
2754,2
2755,2
2756,2
2757,2
2758,2
2759,2
2760,2
2762,2
2764,2
2765,2
2768,2
2770,2
2771,2
2772,2
2775,2
2776,2
2777,2
2778,2
2779,2
2780,2
2781,2
2782,2
2783,2
2784,2
2785,2
2786,2
2787,2
2788,2
2789,2
2792,2
2793,2
2794,2
2795,2
2796,2
2797,2
2798,2
2799,2
2801,2
2802,2
2804,2
2805,2
2806,2
2807,2
2808,2
2809,2
2811,2
2812,2
2814,2
2815,2
2818,2
2819,2
2822,2
2823,2
2825,2
2827,2
2828,2
2829,2
2831,2
2832,2
2834,2
2837,2
2838,2
2839,2
2840,2
2841,2
2842,2
2843,2
2844,2
2846,2
2848,2
2849,2
2850,2
2851,2
2852,2
2853,2
2854,2
2855,2
2856,2
2858,2
2859,2
2860,2
2861,2
2862,2
2863,2
2864,2
2865,2
2866,2
2867,2
2868,2
2869,2
2870,2
2871,2
2872,2
2873,2
2874,2
2876,2
2877,2
2878,2
2879,2
2880,2
2881,2
2882,2
2883,2
2884,2
2887,2
2888,2
2889,2
2891,2
2892,2
2893,2
2895,2
2896,2
2897,2
2898,2
2899,2
2900,2
2901,2
2902,2
2903,2
2905,2
2906,2
2907,2
2908,2
2909,2
2910,2
2911,2
2913,2
2914,2
2915,2
2916,2
2917,2
2918,2
2919,2
2920,2
2921,2
2922,2
2924,2
2925,2
2926,2
2928,2
2929,2
2930,2
2931,2
2932,2
2933,2
2934,2
2937,2
2938,2
2939,2
2940,2
2941,2
2942,2
2943,2
2944,2
2945,2
2946,2
2948,2
2949,2
2952,2
2953,2
2954,2
2955,2
2958,2
2959,2
2960,2
2961,2
2963,2
2964,2
2965,2
2967,2
2968,2
2969,2
2970,2
2971,2
2972,2
2974,2
2975,2
2977,2
2978,2
2979,2
2980,2
2981,2
2982,2
2983,2
2984,2
2985,2
2986,2
2987,2
2988,2
2989,2
2990,2
2991,2
2992,2
2993,2
2994,2
2995,2
2996,2
2997,2
2998,2
2999,2
3000,2
3001,2
3002,2
3003,2
3004,2
3008,2
3009,2
3010,2
3011,2
3012,2
3013,2
3014,2
3016,2
3017,2
3018,2
3019,2
3020,2
3021,2
3022,2
3023,2
3024,2
3025,2
3026,2
3027,2
3028,2
3029,2
3030,2
3031,2
3032,2
3033,2
3034,2
3035,2
3036,2
3037,2
3038,2
3039,2
3040,2
3041,2
3043,2
3044,2
3045,2
3046,2
3047,2
3048,2
3049,2
3050,2
3051,2
3052,2
3053,2
3054,2
3056,2
3057,2
3058,2
3059,2
3060,2
3061,2
3062,2
3063,2
3064,2
3065,2
3066,2
3067,2
3068,2
3069,2
3070,2
3071,2
3072,2
3073,2
3074,2
3075,2
3076,2
3077,2
3078,2
3079,2
3080,2
3081,2
3082,2
3083,2
3084,2
3085,2
3087,2
3090,2
3091,2
3092,2
3093,2
3094,2
3095,2
3096,2
3097,2
3098,2
3099,2
3100,2
3103,2
3104,2
3105,2
3106,2
3107,2
3108,2
3109,2
3110,2
3111,2
3113,2
3114,2
3115,2
3116,2
3117,2
3118,2
3119,2
3120,2
3121,2
3122,2
3123,2
3124,2
3126,2
3127,2
3129,2
3133,2
3134,2
3135,2
3136,2
3138,2
3139,2
3140,2
3141,2
3142,2
3143,2
3144,2
3145,2
3147,2
3148,2
3149,2
3150,2
3151,2
3152,2
3153,2
3154,2
3155,2
3156,2
3157,2
3158,2
3159,2
3160,2
3161,2
3162,2
3164,2
3165,2
3166,2
3167,2
3168,2
3169,2
3170,2
3171,2
3172,2
3173,2
3174,2
3175,2
3176,2
3177,2
3178,2
3179,2
3180,2
3181,2
3182,2
3183,2
3188,2
3189,2
3190,2
3191,2
3192,2
3193,2
3194,2
3195,2
3196,2
3197,2
3198,2
3199,2
3200,2
3201,2
3202,2
3203,2
3205,2
3206,2
3207,2
3208,2
3209,2
3210,2
3211,2
3212,2
3213,2
3214,2
3215,2
3216,2
3217,2
3218,2
3219,2
3220,2
3221,2
3223,2
3224,2
3226,2
3227,2
3228,2
3229,2
3230,2
3231,2
3232,2
3233,2
3234,2
3235,2
3236,2
3237,2
3238,2
3239,2
3241,2
3242,2
3243,2
3244,2
3245,2
3246,2
3247,2
3248,2
3249,2
3250,2
3251,2
3252,2
3253,2
3254,2
3255,2
3256,2
3257,2
3258,2
3259,2
3260,2
3261,2
3262,2
3263,2
3266,2
3267,2
3269,2
3271,2
3272,2
3273,2
3274,2
3275,2
3276,2
3277,2
3278,2
3279,2
3280,2
3281,2
3282,2
3283,2
3284,2
3285,2
3286,2
3287,2
3288,2
3289,2
3292,2
3293,2
3294,2
3295,2
3296,2
3297,2
3299,2
3300,2
3301,2
3302,2
3303,2
3304,2
3305,2
3306,2
3307,2
3308,2
3309,2
3310,2
3311,2
3313,2
3314,2
3315,2
3316,2
3317,2
3318,2
3319,2
3320,2
3321,2
3322,2
3323,2
3324,2
3326,2
3327,2
3328,2
3329,2
3330,2
3331,2
3332,2
3333,2
3334,2
3335,2
3336,2
3337,2
3338,2
3339,2
3340,2
3341,2
3343,2
3344,2
3345,2
3346,2
3347,2
3348,2
3349,2
3350,2
3351,2
3352,2
3353,2
3354,2
3355,2
3356,2
3358,2
3359,2
3361,2
3362,2
3363,2
3364,2
3365,2
3366,2
3367,2
3368,2
3369,2
3371,2
3372,2
3373,2
3374,2
3375,2
3376,2
3377,2
3378,2
3379,2
3380,2
3381,2
3382,2
3384,2
3385,2
3386,2
3387,2
3388,2
3389,2
3390,2
3391,2
3392,2
3393,2
3394,2
3395,2
3396,2
3397,2
3398,2
3399,2
3400,2
3401,2
3402,2
3403,2
3404,2
3405,2
3406,2
3407,2
3408,2
3409,2
3410,2
3411,2
3412,2
3413,2
3414,2
3415,2
3416,2
3417,2
3418,2
3420,2
3421,2
3422,2
3423,2
3424,2
3425,2
3426,2
3428,2
3429,2
3431,2
3432,2
3433,2
3434,2
3435,2
3436,2
3437,2
3438,2
3439,2
3440,2
3442,2
3443,2
3444,2
3445,2
3447,2
3450,2
3451,2
3452,2
3453,2
3454,2
3455,2
3456,2
3457,2
3458,2
3459,2
3460,2
3461,2
3462,2
3463,2
3464,2
3466,2
3467,2
3468,2
3469,2
3470,2
3471,2
3472,2
3473,2
3474,2
3475,2
3476,2
3477,2
3478,2
3479,2
3480,2
3482,2
3483,2
3484,2
3486,2
3487,2
3488,2
3489,2
3490,2
3491,2
3492,2
3493,2
3494,2
3495,2
3496,2
3499,2
3500,2
3501,2
3502,2
3503,2
3504,2
3507,2
3508,2
3509,2
3510,2
3511,2
3512,2
3513,2
3514,2
3515,2
3517,2
3519,2
3520,2
3521,2
3522,2
3523,2
3525,2
3526,2
3527,2
3528,2
3529,2
3531,2
3532,2
3533,2
3534,2
3535,2
3536,2
3537,2
3538,2
3539,2
3540,2
3541,2
3542,2
3543,2
3544,2
3545,2
3546,2
3547,2
3548,2
3549,2
3550,2
3551,2
3552,2
3553,2
3554,2
3555,2
3557,2
3558,2
3559,2
3560,2
3561,2
3562,2
3563,2
3564,2
3565,2
3568,2
3569,2
3571,2
3572,2
3573,2
3574,2
3575,2
3576,2
3577,2
3578,2
3579,2
3580,2
3582,2
3583,2
3585,2
3586,2
3587,2
3588,2
3589,2
3590,2
3591,2
3592,2
3593,2
3594,2
3595,2
3596,2
3597,2
3598,2
3599,2
3600,2
3601,2
3602,2
3603,2
3604,2
3605,2
3606,2
3607,2
3608,2
3609,2
3610,2
3611,2
3612,2
3613,2
3614,2
3616,2
3617,2
3618,2
3619,2
3620,2
3622,2
3623,2
3624,2
3625,2
3626,2
3627,2
3628,2
3629,2
3631,2
3632,2
3633,2
3634,2
3635,2
3636,2
3637,2
3638,2
3639,2
3640,2
3641,2
3642,2
3643,2
3644,2
3645,2
3646,2
3647,2
3648,2
3649,2
3650,2
3651,2
3652,2
3653,2
3655,2
3656,2
3657,2
3658,2
3660,2
3661,2
3662,2
3663,2
3664,2
3665,2
3666,2
3667,2
3669,2
3670,2
3671,2
3672,2
3673,2
3674,2
3675,2
3676,2
3677,2
3678,2
3679,2
3680,2
3681,2
3683,2
3684,2
3685,2
3686,2
3687,2
3688,2
3689,2
3690,2
3691,2
3693,2
3694,2
3695,2
3696,2
3697,2
3699,2
3700,2
3701,2
3702,2
3703,2
3704,2
3705,2
3706,2
3707,2
3708,2
3709,2
3710,2
3711,2
3712,2
3713,2
3714,2
3715,2
3716,2
3717,2
3718,2
3719,2
3720,2
3721,2
3722,2
3723,2
3724,2
3725,2
3726,2
3727,2
3728,2
3729,2
3730,2
3731,2
3733,2
3734,2
3735,2
3736,2
3737,2
3738,2
3739,2
3740,2
3741,2
3742,2
3743,2
3744,2
3745,2
3747,2
3748,2
3749,2
3750,2
3751,2
3752,2
3753,2
3754,2
3755,2
3756,2
3757,2
3758,2
3759,2
3760,2
3761,2
3762,2
3763,2
3764,2
3765,2
3766,2
3767,2
3768,2
3769,2
3770,2
3771,2
3772,2
3773,2
3774,2
3775,2
3776,2
3777,2
3778,2
3779,2
3780,2
3781,2
3782,2
3783,2
3784,2
3785,2
3787,2
3788,2
3789,2
3790,2
3791,2
3792,2
3793,2
3794,2
3795,2
3796,2
3797,2
3798,2
3799,2
3800,2
3801,2
3802,2
3803,2
3804,2
3805,2
3806,2
3807,2
3808,2
3809,2
3810,2
3811,2
3812,2
3813,2
3814,2
3815,2
3816,2
3817,2
3818,2
3819,2
3820,2
3821,2
3822,2
3823,2
3824,2
3825,2
3826,2
3827,2
3828,2
3829,2
3830,2
3831,2
3832,2
3833,2
3834,2
3835,2
3836,2
3837,2
3838,2
3839,2
3840,2
3841,2
3842,2
3843,2
3844,2
3845,2
3846,2
3847,2
3848,2
3849,2
3850,2
3851,2
3852,2
3853,2
3854,2
3855,2
3856,2
3858,2
3859,2
3860,2
3861,2
3862,2
3863,2
3864,2
3865,2
3866,2
3867,2
3868,2
3869,2
3870,2
3871,2
3872,2
3873,2
3874,2
3875,2
3876,2
3877,2
3878,2
3879,2
3880,2
3881,2
3882,2
3883,2
3884,2
3885,2
3886,2
3887,2
3888,2
3889,2
3890,2
3891,2
3892,2
3893,2
3894,2
3895,2
3896,2
3897,2
3898,2
3899,2
3900,2
3901,2
3902,2
3904,2
3905,2
3906,2
3907,2
3908,2
3910,2
3911,2
3912,2
3913,2
3914,2
3915,2
3916,2
3917,2
3918,2
3919,2
3920,2
3921,2
3922,2
3923,2
3924,2
3925,2
3926,2
3927,2
3928,2
3930,2
3931,2
3932,2
3933,2
3934,2
3935,2
3936,2
3937,2
3938,2
3939,2
3940,2
3941,2
3942,2
3943,2
3944,2
3945,2
3946,2
3947,2
3948,2
3949,2
3950,2
3951,2
3952,2
3953,2
3954,2
3955,2
3956,2
3957,2
3958,2
3959,2
3960,2
3962,2
3963,2
3964,2
3965,2
3966,2
3967,2
3968,2
3969,2
3970,2
3971,2
3972,2
3973,2
3974,2
3975,2
3976,2
3977,2
3978,2
3979,2
3980,2
3982,2
3983,2
3984,2
3985,2
3986,2
3987,2
